inf,1.000000000000000000e+00,inf,inf,inf,1.000000000000000000e+00,inf,inf,inf,inf,inf,inf,inf,inf,inf,inf,inf,inf,inf,inf,inf,inf,inf,inf,inf
1.000000000000000000e+00,inf,1.000000000000000000e+00,inf,inf,inf,1.000000000000000000e+00,inf,inf,inf,inf,inf,inf,inf,inf,inf,inf,inf,inf,inf,inf,inf,inf,inf,inf
inf,1.000000000000000000e+00,inf,1.000000000000000000e+00,inf,inf,inf,1.000000000000000000e+00,inf,inf,inf,inf,inf,inf,inf,inf,inf,inf,inf,inf,inf,inf,inf,inf,inf
inf,inf,1.000000000000000000e+00,inf,1.000000000000000000e+00,inf,inf,inf,1.000000000000000000e+00,inf,inf,inf,inf,inf,inf,inf,inf,inf,inf,inf,inf,inf,inf,inf,inf
inf,inf,inf,1.000000000000000000e+00,inf,inf,inf,inf,inf,1.000000000000000000e+00,inf,inf,inf,inf,inf,inf,inf,inf,inf,inf,inf,inf,inf,inf,inf
1.000000000000000000e+00,inf,inf,inf,inf,inf,1.000000000000000000e+00,inf,inf,inf,1.000000000000000000e+00,inf,inf,inf,inf,inf,inf,inf,inf,inf,inf,inf,inf,inf,inf
inf,1.000000000000000000e+00,inf,inf,inf,1.000000000000000000e+00,inf,1.000000000000000000e+00,inf,inf,inf,1.000000000000000000e+00,inf,inf,inf,inf,inf,inf,inf,inf,inf,inf,inf,inf,inf
inf,inf,1.000000000000000000e+00,inf,inf,inf,1.000000000000000000e+00,inf,1.000000000000000000e+00,inf,inf,inf,1.000000000000000000e+00,inf,inf,inf,inf,inf,inf,inf,inf,inf,inf,inf,inf
inf,inf,inf,1.000000000000000000e+00,inf,inf,inf,1.000000000000000000e+00,inf,1.000000000000000000e+00,inf,inf,inf,1.000000000000000000e+00,inf,inf,inf,inf,inf,inf,inf,inf,inf,inf,inf
inf,inf,inf,inf,1.000000000000000000e+00,inf,inf,inf,1.000000000000000000e+00,inf,inf,inf,inf,inf,1.000000000000000000e+00,inf,inf,inf,inf,inf,inf,inf,inf,inf,inf
inf,inf,inf,inf,inf,1.000000000000000000e+00,inf,inf,inf,inf,inf,1.000000000000000000e+00,inf,inf,inf,1.000000000000000000e+00,inf,inf,inf,inf,inf,inf,inf,inf,inf
inf,inf,inf,inf,inf,inf,1.000000000000000000e+00,inf,inf,inf,1.000000000000000000e+00,inf,1.000000000000000000e+00,inf,inf,inf,1.000000000000000000e+00,inf,inf,inf,inf,inf,inf,inf,inf
inf,inf,inf,inf,inf,inf,inf,1.000000000000000000e+00,inf,inf,inf,1.000000000000000000e+00,inf,1.000000000000000000e+00,inf,inf,inf,1.000000000000000000e+00,inf,inf,inf,inf,inf,inf,inf
inf,inf,inf,inf,inf,inf,inf,inf,1.000000000000000000e+00,inf,inf,inf,1.000000000000000000e+00,inf,1.000000000000000000e+00,inf,inf,inf,1.000000000000000000e+00,inf,inf,inf,inf,inf,inf
inf,inf,inf,inf,inf,inf,inf,inf,inf,1.000000000000000000e+00,inf,inf,inf,1.000000000000000000e+00,inf,inf,inf,inf,inf,1.000000000000000000e+00,inf,inf,inf,inf,inf
inf,inf,inf,inf,inf,inf,inf,inf,inf,inf,1.000000000000000000e+00,inf,inf,inf,inf,inf,1.000000000000000000e+00,inf,inf,inf,1.000000000000000000e+00,inf,inf,inf,inf
inf,inf,inf,inf,inf,inf,inf,inf,inf,inf,inf,1.000000000000000000e+00,inf,inf,inf,1.000000000000000000e+00,inf,1.000000000000000000e+00,inf,inf,inf,1.000000000000000000e+00,inf,inf,inf
inf,inf,inf,inf,inf,inf,inf,inf,inf,inf,inf,inf,1.000000000000000000e+00,inf,inf,inf,1.000000000000000000e+00,inf,1.000000000000000000e+00,inf,inf,inf,1.000000000000000000e+00,inf,inf
inf,inf,inf,inf,inf,inf,inf,inf,inf,inf,inf,inf,inf,1.000000000000000000e+00,inf,inf,inf,1.000000000000000000e+00,inf,1.000000000000000000e+00,inf,inf,inf,1.000000000000000000e+00,inf
inf,inf,inf,inf,inf,inf,inf,inf,inf,inf,inf,inf,inf,inf,1.000000000000000000e+00,inf,inf,inf,1.000000000000000000e+00,inf,inf,inf,inf,inf,1.000000000000000000e+00
inf,inf,inf,inf,inf,inf,inf,inf,inf,inf,inf,inf,inf,inf,inf,1.000000000000000000e+00,inf,inf,inf,inf,inf,1.000000000000000000e+00,inf,inf,inf
inf,inf,inf,inf,inf,inf,inf,inf,inf,inf,inf,inf,inf,inf,inf,inf,1.000000000000000000e+00,inf,inf,inf,1.000000000000000000e+00,inf,1.000000000000000000e+00,inf,inf
inf,inf,inf,inf,inf,inf,inf,inf,inf,inf,inf,inf,inf,inf,inf,inf,inf,1.000000000000000000e+00,inf,inf,inf,1.000000000000000000e+00,inf,1.000000000000000000e+00,inf
inf,inf,inf,inf,inf,inf,inf,inf,inf,inf,inf,inf,inf,inf,inf,inf,inf,inf,1.000000000000000000e+00,inf,inf,inf,1.000000000000000000e+00,inf,1.000000000000000000e+00
inf,inf,inf,inf,inf,inf,inf,inf,inf,inf,inf,inf,inf,inf,inf,inf,inf,inf,inf,1.000000000000000000e+00,inf,inf,inf,1.000000000000000000e+00,inf
